group,category,temperature_K,strain,energy_per_atom,mean_normal_stress,num_atoms
Vacancy,Vacancy,300.0,,-4.690436986666667,-6.324524783333334,63.0
Vacancy,Vacancy,300.0,,-4.706461072857143,-25.784418799999997,63.0
Vacancy,Vacancy,300.0,,-4.779049768730158,15.559854276666668,63.0
Vacancy,Vacancy,300.0,,-4.668139493015873,14.884312803333335,63.0
Vacancy,Vacancy,300.0,,-4.719794746507937,15.52531060666667,63.0
Vacancy,Vacancy,300.0,,-4.653322347301587,-20.302048946666666,63.0
Vacancy,Vacancy,300.0,,-4.722248064920635,-5.379745396666667,63.0
Vacancy,Vacancy,300.0,,-4.6815174003174596,9.031460716666666,63.0
Vacancy,Vacancy,300.0,,-4.687441041428571,11.063802336666669,63.0
Vacancy,Vacancy,300.0,,-4.680629473968255,19.125791156666665,63.0
Vacancy,Vacancy,300.0,,-4.690250483968255,-6.80849843,63.0
Vacancy,Vacancy,300.0,,-4.6736118300000005,-38.88578003999999,63.0
Vacancy,Vacancy,300.0,,-4.686466485873016,-15.470067573333333,63.0
Vacancy,Vacancy,300.0,,-4.720171171904762,32.196453170000005,63.0
Vacancy,Vacancy,300.0,,-4.675440428888889,15.325389483333334,63.0
Vacancy,Vacancy,300.0,,-4.676038816825397,-14.93186575,63.0
Vacancy,Vacancy,300.0,,-4.689226971428572,-30.249107503333335,63.0
Vacancy,Vacancy,300.0,,-4.712738472539683,-17.014943406666664,63.0
Vacancy,Vacancy,300.0,,-4.7272865444444445,-7.074742270000001,63.0
Vacancy,Vacancy,300.0,,-4.66406331936508,2.7157070799999996,63.0
Vacancy,Vacancy,300.0,,-4.696432332539683,17.130891833333333,63.0
Vacancy,Vacancy,300.0,,-4.7188825393650795,-20.77310259,63.0
Vacancy,Vacancy,300.0,,-4.668786374444444,-10.830141936666669,63.0
Vacancy,Vacancy,300.0,,-4.711521247301587,9.95161274,63.0
Vacancy,Vacancy,300.0,,-4.6976520965079365,20.022534366666665,63.0
Vacancy,Vacancy,300.0,,-4.719270009206349,-9.924796546666666,63.0
Vacancy,Vacancy,300.0,,-4.676122310793651,-16.90917889,63.0
Vacancy,Vacancy,300.0,,-5.313887494444444,-13.930258760000001,63.0
Vacancy,High Temp Vacancy,3374.0,,-5.31932025079365,-10.177625996666666,63.0
Vacancy,High Temp Vacancy,3374.0,,-5.322662885873016,-5.1749356,63.0
Vacancy,High Temp Vacancy,3374.0,,-5.329718748571429,-4.64026221,63.0
Vacancy,High Temp Vacancy,3374.0,,-5.313720312698413,-11.34842853,63.0
Vacancy,High Temp Vacancy,3374.0,,-5.323249901111112,-11.852484556666667,63.0
Vacancy,High Temp Vacancy,3374.0,,-5.320047603174603,-6.018498423333334,63.0
Vacancy,High Temp Vacancy,3374.0,,-5.321541827619048,-3.918128186666666,63.0
Vacancy,High Temp Vacancy,3374.0,,-5.314642441746032,-7.055279003333335,63.0
Vacancy,High Temp Vacancy,3374.0,,-5.310385750634921,-6.640514006666667,63.0
Vacancy,High Temp Vacancy,3374.0,,-5.32161923015873,-4.1416323,63.0
Vacancy,High Temp Vacancy,3374.0,,-5.318219499365079,-2.5421256333333333,63.0
Vacancy,High Temp Vacancy,3374.0,,-5.314784082857143,2.56097359,63.0
Vacancy,High Temp Vacancy,3374.0,,-5.31447198920635,-5.561330456666667,63.0
Vacancy,High Temp Vacancy,3374.0,,-5.312884858888888,-10.689353843333334,63.0
Vacancy,High Temp Vacancy,3374.0,,-5.321276803492064,-1.91489663,63.0
Vacancy,High Temp Vacancy,3374.0,,-5.314956954444444,-4.128992476666666,63.0
Vacancy,High Temp Vacancy,3374.0,,-5.319842125396825,-11.064191556666666,63.0
Vacancy,High Temp Vacancy,3374.0,,-5.32087130031746,3.7152536700000005,63.0
Vacancy,High Temp Vacancy,3374.0,,-5.31916185047619,-5.9295148200000005,63.0
Vacancy,High Temp Vacancy,3374.0,,-5.323951552063492,-8.643215033333334,63.0
Vacancy,High Temp Vacancy,3374.0,,-5.312243688730159,-0.04498493000000018,63.0
Vacancy,High Temp Vacancy,3374.0,,-5.309345473968254,0.035055916666666555,63.0
Vacancy,High Temp Vacancy,3374.0,,-5.324251826507936,-0.6427782333333333,63.0
Vacancy,High Temp Vacancy,3374.0,,-5.315869876349207,-7.817899256666666,63.0
Vacancy,High Temp Vacancy,3374.0,,-5.312725276031746,-9.097427843333334,63.0
Vacancy,High Temp Vacancy,3374.0,,-5.321590707936507,-10.411159796666666,63.0
Vacancy,High Temp Vacancy,3374.0,,-5.30720724952381,-6.946468233333334,63.0
Vacancy,High Temp Vacancy,3374.0,,-5.32215609111111,0.6100460499999999,63.0
Vacancy,High Temp Vacancy,3374.0,,-5.317937261111111,-14.123805446666665,63.0
Surface,Surface,,,-5.161469928333333,-0.6212861166666667,24.0
Surface,Surface,,,-5.127946596111111,-11.17251912666667,36.0
Surface,Surface,,,-5.249289047083333,-4.328232173333334,24.0
Surface,Surface,,,-5.181352014,-9.58141409,40.0
Surface,Surface,,,-5.275544067708333,-3.6968767566666663,96.0
Surface,Surface,,,-5.169641102777778,-6.209526726666666,36.0
Surface,Surface,,,-5.176681990625,-1.10342938,16.0
Surface,Surface,,,-5.125648963125,-3.5178367499999994,16.0
Surface,Surface,,,-5.2215247625000005,3.7613793833333333,12.0
Surface,Surface,,,-5.110598631666667,-4.9563429,24.0
Surface,Surface,,,-5.163473023888889,-9.599590413333333,18.0
Surface,Surface,,,-5.11500435,-14.906527406666667,20.0
AIMD-NVT,Other,843.0,,-5.3210571521875,2.18083598,64.0
AIMD-NVT,Other,843.0,,-5.32566237234375,4.129495143333333,64.0
AIMD-NVT,Other,843.0,,-5.3121393621875,4.304268503333334,64.0
AIMD-NVT,Other,843.0,,-5.31923696640625,3.356668773333334,64.0
AIMD-NVT,Other,843.0,,-5.32653959890625,2.7466814366666665,64.0
AIMD-NVT,Other,843.0,,-5.2934738628125,4.40873873,64.0
AIMD-NVT,Other,843.0,,-5.29807812265625,1.51190054,64.0
AIMD-NVT,Other,843.0,,-5.30940199828125,1.3920299966666667,64.0
AIMD-NVT,Other,843.0,,-5.3252851828125,3.72627477,64.0
AIMD-NVT,Other,843.0,,-5.3153369965625,3.34157104,64.0
AIMD-NVT,Other,843.0,,-5.3169092715625,2.8697973299999995,64.0
AIMD-NVT,Other,843.0,,-5.31148769703125,4.604260816666667,64.0
AIMD-NVT,Other,843.0,,-5.30941456171875,4.0001003299999995,64.0
AIMD-NVT,Other,843.0,,-5.297791483125,0.5293641800000001,64.0
AIMD-NVT,Other,843.0,,-5.326443203125,4.411787919999999,64.0
AIMD-NVT,Other,843.0,,-5.3194511684375,4.10522783,64.0
AIMD-NVT,Other,843.0,,-5.3073067296875,5.113246023333333,64.0
AIMD-NVT,Other,843.0,,-5.31046047125,2.0760168033333333,64.0
AIMD-NVT,Other,1518.0,,-5.23995308515625,9.041820233333334,64.0
AIMD-NVT,Other,1518.0,,-5.20458769265625,9.495041726666667,64.0
AIMD-NVT,Other,1518.0,,-5.2204868521875,4.544453693333334,64.0
AIMD-NVT,Other,1518.0,,-5.19600351546875,3.1749466366666668,64.0
AIMD-NVT,Other,1518.0,,-5.19962268703125,-2.1159491933333334,64.0
AIMD-NVT,Other,1518.0,,-5.192910200625,0.07438941000000021,64.0
AIMD-NVT,Other,1518.0,,-5.204218101875,8.915695473333335,64.0
AIMD-NVT,Other,1518.0,,-5.16968991078125,3.39924216,64.0
AIMD-NVT,Other,1518.0,,-5.21884071375,4.677336606666667,64.0
AIMD-NVT,Other,1518.0,,-5.17159236625,10.299064933333334,64.0
AIMD-NVT,Other,1518.0,,-5.260768150625,4.558101163333334,64.0
AIMD-NVT,Other,1518.0,,-5.2089811996875,10.782475176666667,64.0
AIMD-NVT,Other,1518.0,,-5.2233227446875,8.255871453333333,64.0
AIMD-NVT,Other,1518.0,,-5.194331615,-0.2757288366666666,64.0
AIMD-NVT,Other,1518.0,,-5.21618720765625,11.258603653333333,64.0
AIMD-NVT,Other,1518.0,,-5.18135496765625,5.779757156666666,64.0
AIMD-NVT,Other,1518.0,,-5.24885949640625,6.2965943499999995,64.0
AIMD-NVT,Other,1518.0,,-5.155905444375,3.935846076666667,64.0
AIMD-NVT,Normal (300K),300.0,,-5.38041542359375,-1.8542544666666665,64.0
AIMD-NVT,Normal (300K),300.0,,-5.38056892421875,-1.1807339133333332,64.0
AIMD-NVT,Normal (300K),300.0,,-5.3892086478125,1.10807709,64.0
AIMD-NVT,Normal (300K),300.0,,-5.393737675625,0.7897187266666666,64.0
AIMD-NVT,Normal (300K),300.0,,-5.3785370803125,0.4795012233333333,64.0
AIMD-NVT,Normal (300K),300.0,,-5.38807286640625,-0.26085535,64.0
AIMD-NVT,Normal (300K),300.0,,-5.38348143015625,1.5521785833333333,64.0
AIMD-NVT,Normal (300K),300.0,,-5.3881932759375,1.7283645866666666,64.0
AIMD-NVT,Normal (300K),300.0,,-5.38256770234375,1.4384294433333336,64.0
AIMD-NVT,Normal (300K),300.0,,-5.3832597975,1.5922566566666667,64.0
AIMD-NVT,Normal (300K),300.0,,-5.38870559015625,0.25911678,64.0
AIMD-NVT,Normal (300K),300.0,,-5.38235399578125,1.7766508433333332,64.0
AIMD-NVT,Normal (300K),300.0,,-5.38541194171875,2.0733817366666667,64.0
AIMD-NVT,Normal (300K),300.0,,-5.38326740375,1.3156579333333334,64.0
AIMD-NVT,Normal (300K),300.0,,-5.387480845,2.395787706666667,64.0
AIMD-NVT,Normal (300K),300.0,,-5.38649713171875,1.31628204,64.0
AIMD-NVT,Normal (300K),300.0,,-5.38495973359375,0.57807866,64.0
AIMD-NVT,Normal (300K),300.0,,-5.3824655071875,1.8958230533333333,64.0
AIMD-NVT,Other,2530.0,,-4.69573617984375,-28.00065682,64.0
AIMD-NVT,Other,2530.0,,-4.65883190890625,-11.231634906666665,64.0
AIMD-NVT,Other,2530.0,,-4.63414808875,-7.669152023333333,64.0
AIMD-NVT,Other,2530.0,,-4.665753080625,-11.018641293333333,64.0
AIMD-NVT,Other,2530.0,,-4.6474446665625,-0.8317355833333338,64.0
AIMD-NVT,Other,2530.0,,-4.6789067721875,-16.830712809999998,64.0
AIMD-NVT,Other,2530.0,,-4.66017500359375,-7.167046563333334,64.0
AIMD-NVT,Other,2530.0,,-4.63756249046875,-9.225582416666667,64.0
AIMD-NVT,Other,2530.0,,-4.613510255625,-17.330194853333335,64.0
AIMD-NVT,Other,2530.0,,-4.64297315140625,-27.454754429999998,64.0
AIMD-NVT,Other,2530.0,,-4.6551364846875,-26.400101636666673,64.0
AIMD-NVT,Other,2530.0,,-4.67153335984375,-16.736903426666668,64.0
AIMD-NVT,Other,2530.0,,-4.638809995625,-18.19073206,64.0
AIMD-NVT,Other,2530.0,,-4.655945648125,-26.759639423333336,64.0
AIMD-NVT,Other,2530.0,,-4.64850231,-12.59992588,64.0
AIMD-NVT,Other,2530.0,,-4.60212972,-0.8216457566666667,64.0
AIMD-NVT,Other,2530.0,,-4.6515614575,-17.280643676666667,64.0
AIMD-NVT,Other,2530.0,,-4.610272030625,-4.943876153333333,64.0
AIMD-NVT,High Temp,3374.0,,-4.597171959375,-5.113826646666666,64.0
AIMD-NVT,High Temp,3374.0,,-4.6167291590625,-11.8680855,64.0
AIMD-NVT,High Temp,3374.0,,-4.57723748796875,-6.7981482533333315,64.0
AIMD-NVT,High Temp,3374.0,,-4.60861690453125,-3.7333234333333323,64.0
AIMD-NVT,High Temp,3374.0,,-4.59010186078125,2.1188974799999998,64.0
AIMD-NVT,High Temp,3374.0,,-4.645854758125,-13.016724206666666,64.0
AIMD-NVT,High Temp,3374.0,,-4.65613605078125,1.5833672866666666,64.0
AIMD-NVT,High Temp,3374.0,,-4.60989353921875,-3.5285837833333336,64.0
AIMD-NVT,High Temp,3374.0,,-4.6331200534375,-6.974783406666667,64.0
AIMD-NVT,High Temp,3374.0,,-4.5863579259375,15.326088216666667,64.0
AIMD-NVT,High Temp,3374.0,,-4.56655198359375,19.63186372,64.0
AIMD-NVT,High Temp,3374.0,,-4.6749242215625,-21.987448476666668,64.0
AIMD-NVT,High Temp,3374.0,,-4.60741365578125,8.706763816666665,64.0
AIMD-NVT,High Temp,3374.0,,-4.62561951875,-13.729525963333332,64.0
AIMD-NVT,High Temp,3374.0,,-4.5830540765625,-3.4570354566666666,64.0
AIMD-NVT,High Temp,3374.0,,-4.60265601328125,9.457098906666667,64.0
AIMD-NVT,High Temp,3374.0,,-4.62733753546875,-13.411778230000001,64.0
AIMD-NVT,High Temp,3374.0,,-4.62535176859375,0.7245364766666661,64.0
Elastic,Strained,,-0.1,-5.311903043125,118.30454171000001,64.0
Elastic,Strained,,-0.08,-5.35443898796875,89.75890856000001,64.0
Elastic,Strained,,-0.04,-5.408649265625,40.12783311333334,64.0
Elastic,Strained,,-0.02,-5.42134110703125,19.003274083333334,64.0
Elastic,Strained,,0.02,-5.42159105609375,-16.464008240000002,64.0
Elastic,Strained,,0.04,-5.41070922109375,-31.511901283333334,64.0
Elastic,Strained,,0.06,-5.39348201078125,-44.76100352666666,64.0
Elastic,Strained,,0.08,-5.3704894640625,-56.66319653,64.0
Elastic,Strained,,0.1,-5.34231547953125,-67.02082037,64.0
Elastic,Strained,,-0.1,-5.31190304359375,118.30427144999999,64.0
Elastic,Strained,,-0.08,-5.35443898828125,89.75870903666667,64.0
Elastic,Strained,,-0.04,-5.40864926515625,40.127785513333336,64.0
Elastic,Strained,,-0.02,-5.4213411071875,19.003273646666667,64.0
Elastic,Strained,,0.02,-5.4215910565625,-16.464147216666667,64.0
Elastic,Strained,,0.04,-5.41070922125,-31.511783769999997,64.0
Elastic,Strained,,0.06,-5.39348201,-44.760228616666666,64.0
Elastic,Strained,,0.08,-5.3704894640625,-56.66330606,64.0
Elastic,Strained,,0.1,-5.34231547859375,-67.02083540666668,64.0
Elastic,Strained,,-0.1,-5.311903043125,118.30443930000001,64.0
Elastic,Strained,,-0.08,-5.354438988125,89.75864700666666,64.0
Elastic,Strained,,-0.04,-5.40864926515625,40.12787669666667,64.0
Elastic,Strained,,-0.02,-5.4213411071875,19.00295348,64.0
Elastic,Strained,,0.02,-5.4215910553125,-16.46394786666667,64.0
Elastic,Strained,,0.04,-5.4107092209375,-31.511621016666666,64.0
Elastic,Strained,,0.06,-5.3934820109375,-44.76121094333333,64.0
Elastic,Strained,,0.08,-5.37048946453125,-56.663106879999994,64.0
Elastic,Strained,,0.1,-5.3423154803125,-67.02056473,64.0
Elastic,Strained,,-0.1,-5.15343467296875,56.22580962,64.0
Elastic,Strained,,-0.08,-5.2552747021875,35.86359913333333,64.0
Elastic,Strained,,-0.04,-5.38429879703125,8.966946633333334,64.0
Elastic,Strained,,-0.02,-5.41518961515625,2.4106715600000004,64.0
Elastic,Strained,,0.02,-5.41518961625,2.41061406,64.0
Elastic,Strained,,0.04,-5.38429879515625,8.96696377,64.0
Elastic,Strained,,0.06,-5.3315884009375,19.947220243333334,64.0
Elastic,Strained,,0.08,-5.255274701875,35.86369746666667,64.0
Elastic,Strained,,0.1,-5.1534346771875,56.22581564,64.0
Elastic,Strained,,-0.1,-5.15343467890625,56.22590079666666,64.0
Elastic,Strained,,-0.08,-5.25527470140625,35.86373221666667,64.0
Elastic,Strained,,-0.04,-5.38429879671875,8.966957443333333,64.0
Elastic,Strained,,-0.02,-5.415189615625,2.41065216,64.0
Elastic,Strained,,0.02,-5.41518961453125,2.4106388266666667,64.0
Elastic,Strained,,0.04,-5.38429879765625,8.9669667,64.0
Elastic,Strained,,0.06,-5.33158839671875,19.94722262333333,64.0
Elastic,Strained,,0.08,-5.25527470640625,35.86362412333333,64.0
Elastic,Strained,,0.1,-5.1534346775,56.22578000666667,64.0
Elastic,Strained,,-0.1,-5.15343467734375,56.22581001333333,64.0
Elastic,Strained,,-0.08,-5.25527470265625,35.8637416,64.0
Elastic,Strained,,-0.04,-5.38429879578125,8.9669023,64.0
Elastic,Strained,,-0.02,-5.41518961453125,2.4105926666666666,64.0
Elastic,Strained,,0.02,-5.41518961390625,2.410630363333333,64.0
Elastic,Strained,,0.04,-5.38429879703125,8.966943296666667,64.0
Elastic,Strained,,0.06,-5.33158839796875,19.947202283333333,64.0
Elastic,Strained,,0.08,-5.2552747015625,35.86364331666667,64.0
Elastic,Strained,,0.1,-5.15343467265625,56.22585427333333,64.0
Elastic,Other,,,-5.4253234771875,-0.04183608,64.0
